"link","id","team_id","Team"
"JACK BUCKLEY",138983,42,"Ipswich"
"LOUIS HOOD",159047,42,"Ipswich"
"LIAM ISHERWOOD",133304,42,"Ipswich"
"BRAD HILLS",136743,42,"Ipswich"
"KELVIN MELLOR",53044,42,"Ipswich"
"LEWIS SHIPLEY",136742,42,"Ipswich"
"JAY RICH-BAGHUELOU",117917,42,"Ipswich"
"HARRY PERRITT",118094,42,"Ipswich"
"BAILEY SLOANE",166630,42,"Ipswich"
"CONNOR O'BRIEN",165247,42,"Ipswich"
"AARON PICKLES",169595,42,"Ipswich"
"BABA FERNANDES",114095,42,"Ipswich"
"TOM SCULLY",125061,42,"Ipswich"
"ETHAN HAMILTON",110884,42,"Ipswich"
"LIAM COYLE",132425,42,"Ipswich"
"SHAUN WHALLEY",39596,42,"Ipswich"
"TOMMY LEIGH",143431,42,"Ipswich"
"JOE PRITCHARD",107027,42,"Ipswich"
"SEAN MCCONVILLE",51096,42,"Ipswich"
"ROSARIE LONGELO",108801,42,"Ipswich"
"JACK NOLAN",107773,42,"Ipswich"
"DAN MARTIN",126163,42,"Ipswich"
"SEB QUIRK",145168,42,"Ipswich"
"BEN PLEAVIN",143686,42,"Ipswich"
"SEAMUS CONNEELY",55200,42,"Ipswich"
"LUKE STOWE",133310,42,"Ipswich"
"OLIVER PATRICK",143733,42,"Ipswich"
"DAVID MORGAN",67644,42,"Ipswich"
"EMERICH POILLY",162706,42,"Ipswich"
"HARRY PELL",55548,42,"Ipswich"
"MATT LOWE",79800,42,"Ipswich"
"NATHAN DELFOUNESO",49704,42,"Ipswich"
"KOREDE ADEDOYIN",122498,42,"Ipswich"
"ALHAGI SISAY",129755,42,"Ipswich"
"JOSH WOODS",143308,42,"Ipswich"
"LEWIS TRICKETT",167902,42,"Ipswich"
"LESLIE ADEKOYA",158842,42,"Ipswich"
"CALVIN HARPER",172179,42,"Ipswich"
"BRAD HILLS",136743,42,"Ipswich"
"LEWIS SHIPLEY",136742,42,"Ipswich"
"JOSH ANDREWS",137701,42,"Ipswich"
"MAX O'LEARY",73285,376,NA
"HARVEY WILES-RICHARDS",117230,376,NA
"STEFAN BAJIC",116166,376,NA
"JOSEY CASA-GRANDE",171862,376,NA
"ROB DICKIE",81572,376,NA
"JAMES TAYLOR",164630,376,NA
"RYLEY TOWLER",133357,376,NA
"ROBERT ATKINSON",108814,376,NA
"CAMERON PRING",108566,376,NA
"GEORGE TANNER",123372,376,NA
"TOMAS KALAS",55256,376,NA
"DUNCAN IDEHEN",117113,376,NA
"TIMM KLOSE",56674,376,NA
"ZAK VYNER",89794,376,NA
"HAYDON ROBERTS",114389,376,NA
"CALLUM WOOD",144333,376,NA
"HARRY LEESON",176116,376,NA
"JASON KNIGHT",120175,376,NA
"ROSS MCCRORIE",81003,376,NA
"SAM PEARSON",118101,376,NA
"KAL NAISMITH",62081,376,NA
"MATTY JAMES",51501,376,NA
"ALEX SCOTT",138049,376,NA
"JOE WILLIAMS",79782,376,NA
"ANDY KING",47450,376,NA
"ANIS MEHMETI",134964,376,NA
"MARK SYKES",84394,376,NA
"AYMAN BENAROUS",145788,376,NA
"DYLAN KADJI",154195,376,NA
"HAN-NOAH MASSENGO",117116,376,NA
"ELIJAH MORRISON",169922,376,NA
"OWURA EDWARDS",125178,376,NA
"HARRY CORNICK",72467,376,NA
"ANDREAS WEIMANN",55370,376,NA
"TOMMY CONWAY",134873,376,NA
"SAM BELL",136695,376,NA
"NAHKI WELLS",58194,376,NA
"ANTOINE SEMENYO",110364,376,NA
"OMAR TAYLOR-CLARKE",171863,376,NA
"MARLEE FRANCOIS",144707,376,NA
"OLLY THOMAS",173979,376,NA
"MATTHEW COX",133805,388,NA
"ALHAJI SESAY",117424,388,NA
"JAMES BELSHAW",51095,388,NA
"JED WARD",138594,388,NA
"ANSSI JAAKKOLA",58177,388,NA
"TRISTAN CRAMA",168588,388,NA
"GEORGE FRIEND",43702,388,NA
"PABLO MARTINEZ",128686,388,NA
"JAMES WILSON",41453,388,NA
"JAMES CONNOLLY",149130,388,NA
"LEWIS GORDON",129180,388,NA
"MARK HUGHES",41916,388,NA
"JAMES GIBBONS",94209,388,NA
"SAM HEAL",133395,388,NA
"CHARLIE WHITE",165865,388,NA
"TREVOR CLARKE",90737,388,NA
"THOMAS MEHEW",129525,388,NA
"LUKE THOMAS",88192,388,NA
"LUCAS TOMLINSON",123217,388,NA
"ZAIN WESTBROOKE",102627,388,NA
"JOSEPH BUDD",133393,388,NA
"JOSH GRANT",99407,388,NA
"SAM FINLEY",81221,388,NA
"SCOTT SINCLAIR",45990,388,NA
"GRANT WARD",81736,388,NA
"JORDAN ROSSITER",74167,388,NA
"ANTHONY EVANS",97327,388,NA
"LUKE MCCORMICK",107005,388,NA
"LUCA HOOLE",123218,388,NA
"JERRY LAWRENCE",145319,388,NA
"MALIK SESAY",149133,388,NA
"LINI BURDEN",165866,388,NA
"RYAN JONES",143732,388,NA
"RYAN JONES",166009,388,NA
"AIRIDAS VILINAUSKAS",145317,388,NA
"OWEN BRAIN",145320,388,NA
"LUCAS VAUGHAN",145318,388,NA
"MAX EDWARDS",149131,388,NA
"JEVANI BROWN",98726,388,NA
"OLIVER HULBERT",133391,388,NA
"BRETT PITMAN",40540,388,NA
"JOHN MARQUIS",52181,388,NA
"AARON COLLINS",78063,388,NA
"RYAN LOFT",90316,388,NA
"HARVEY GREENSLADE",146687,388,NA
"JARMANI LANGLAIS",143944,388,NA
"TYRON MBUENIMO",145310,388,NA
"MATTHEW COX",133805,388,NA
"TRISTAN CRAMA",168588,388,NA
"KAI MCKENZIE-LYLE",78530,483,NA
"JACK STEVENS",77617,483,NA
"JAMES HOLDEN",139296,483,NA
"WILL MANNION",91175,483,NA
"LOUIS CHADWICK",138596,483,NA
"JONAH GILL",149124,483,NA
"LIAM BENNETT",143435,483,NA
"DANNY ANDREW",71461,483,NA
"MICHAEL MORRISON",41763,483,NA
"RYAN BENNETT",46442,483,NA
"HARRISON DUNK",52728,483,NA
"JUBRIL ADESOPE OKEDINA",117865,483,NA
"ZENO ROSSI",130430,483,NA
"BRANDON HAUNSTRUP",86853,483,NA
"MAMADOU JOBE",143436,483,NA
"JORDAN COUSINS",57978,483,NA
"PAUL DIGBY",62538,483,NA
"JAMES BROPHY",86778,483,NA
"GEORGE THOMAS",73573,483,NA
"JACK LANKESTER",116465,483,NA
"ADAM MAY",82294,483,NA
"LEWIS SIMPER",125727,483,NA
"MYLES COWLING",167878,483,NA
"KAI YEARN",136036,483,NA
"GLENN MCCONNELL",146002,483,NA
"GEORGE HODDLE",170213,483,NA
"GEORGE SCALES",170378,483,NA
"SULLAY KAIKAI",74807,483,NA
"FEJIRI OKENABIRHIE",75782,483,NA
"SAIKOU JANNEH",114852,483,NA
"GASSAN AHADME",125329,483,NA
"DAN BARTON",166010,483,NA
"GASSAN AHADME",125329,483,NA
"RYAN ALLSOP",51442,485,NA
"JAK ALNWICK",62082,485,NA
"ROHAN LUTHRA",159609,485,NA
"LEWYS BENJAMIN",172220,485,NA
"KIERON EVANS",133356,485,NA
"DIMITRIOS GOUTAS",67114,485,NA
"MAHLON ROMEO",69982,485,NA
"JOEL BAGAN",129175,485,NA
"MARK MCGUINNESS",126311,485,NA
"JAMILU COLLINS",89267,485,NA
"VONTAE DALEY-CAMPBELL",122515,485,NA
"JACK SIMPSON",89954,485,NA
"JAI SEMENYO",155863,485,NA
"PERRY NG",76805,485,NA
"RYAN WINTLE",86841,485,NA
"JOE RALLS",61254,485,NA
"AARON RAMSEY",46488,485,NA
"CALLUM O'DOWDA",68841,485,NA
"EBOU ADAMS",76835,485,NA
"ROMAINE SAWYERS",51498,485,NA
"ELI KING",145414,485,NA
"RUBIN COLWILL",137673,485,NA
"JOEL COLWILL",165871,485,NA
"ANDY RINOMHOTA",96390,485,NA
"CALEB HUGHES",156501,485,NA
"KARLAN GRANT",78150,485,NA
"YAKOU MEITE",85331,485,NA
"OLLIE TANNER",124880,485,NA
"IKE UGBO",96786,485,NA
"CHANKA ZIMBA",137012,485,NA
"KION ETETE",116571,485,NA
"SHEYI OJO",80195,485,NA
"ISAAK DAVIES",137608,485,NA
"MORGAN WIGLEY",171868,485,NA
"JAMES CROLE",171869,485,NA
"CALLUM ROBINSON",72637,485,NA
"KARLAN GRANT",78150,485,NA
"MAX WATTERS",114055,485,NA
"MICHAEL ROXBURGH",143857,1309,NA
"CHRIS MAXWELL",51366,1309,NA
"JACOB CHAPMAN",129108,1309,NA
"LEE NICHOLLS",53114,1309,NA
"LOICK AYINA",137287,1309,NA
"MUSTAPHA OLAGUNJU",132891,1309,NA
"OLLIE TURTON",54530,1309,NA
"MATTHEW PEARSON",63549,1309,NA
"RARMANI EDMONDS-GREEN",113805,1309,NA
"BEN JACKSON",119541,1309,NA
"TOM LEES",52174,1309,NA
"YUTA NAKAYAMA",118271,1309,NA
"BRODIE SPENCER",161296,1309,NA
"MICHAL HELIK",72505,1309,NA
"CHARLES ONDO",167618,1309,NA
"JAHEIM HEADLEY",125347,1309,NA
"JOSH AUSTERFIELD",127043,1309,NA
"ANTHONY KNOCKAERT",66497,1309,NA
"ERNALDO KRASNIQI",144041,1309,NA
"AARON ROWE",119176,1309,NA
"SAMUEL SHARROCK-PEPLOW",114505,1309,NA
"JONATHAN HOGG",52899,1309,NA
"SORBA THOMAS",99660,1309,NA
"CONNOR MAHONEY",72094,1309,NA
"SCOTT HIGH",126385,1309,NA
"DAVID KASUMU",91152,1309,NA
"JACK RUDONI",119270,1309,NA
"KIT ELLIOT",119545,1309,NA
"KYLE HUDLIN",135218,1309,NA
"JORDAN RHODES",46684,1309,NA
"JOSH KOROMA",90720,1309,NA
"DANNY WARD",52017,1309,NA
"PATRICK JONES",137084,1309,NA
"DANIEL GRANT",111922,1309,NA
"BRAHIMA DIARRA",136652,1309,NA
"KIAN HARRATT",126250,1309,NA
"KIT ELLIOTT",137290,1309,NA
"TYREECE SIMPSON",125088,1309,NA
"STEFAN ORTEGA MORENO",82954,1718,NA
"ZACK STEFFEN",92669,1718,NA
"EDERSON MORAES",66557,1718,NA
"SCOTT CARSON",35776,1718,NA
"RICO LEWIS",144394,1718,NA
"LUKE MBETE",133491,1718,NA
"YAN COUTO",134226,1718,NA
"KYLE WALKER",50562,1718,NA
"RUBEN DIAS",90383,1718,NA
"JOHN STONES",59460,1718,NA
"NATHAN AKE",68645,1718,NA
"JOAO CANCELO",69841,1718,NA
"AYMERIC LAPORTE",68462,1718,NA
"MANUEL AKANJI",85662,1718,NA
"TAYLOR HARWOOD-BELLIS",116341,1718,NA
"OSCAR BOBB",133493,1718,NA
"BEN KNIGHT",116340,1718,NA
"JAMES MCATEE",126212,1718,NA
"ALEX ROBERTSON",136750,1718,NA
"KALVIN PHILLIPS",80307,1718,NA
"MATEO KOVACIC",58067,1718,NA
"JACK GREALISH",64748,1718,NA
"RODRI",89571,1718,NA
"KEVIN DE BRUYNE",55734,1718,NA
"SERGIO GOMEZ",109192,1718,NA
"MAXIMO PERRONE",153585,1718,NA
"PHIL FODEN",99916,1718,NA
"TOMMY DOYLE",118183,1718,NA
"COLE PALMER",125454,1718,NA
"CLAUDIO GOMES",113879,1718,NA
"ERLING HAALAND",101493,1718,NA
"JULIAN ALVAREZ",117782,1718,NA
"BERNARDO SILVA",75983,1718,NA
"RIYAD MAHREZ",74357,1718,NA
"CALLUM DOYLE",136373,1718,NA
"JOSH WILSON-ESBRAND",133495,1718,NA
"NATHAN BISHOP",101644,1724,NA
"ELYH HARRISON",165975,1724,NA
"DERMOT MEE",144390,1724,NA
"RADEK VITEK",144395,1724,NA
"DEAN HENDERSON",89801,1724,NA
"DAVID DE GEA",52432,1724,NA
"TOM HEATON",41869,1724,NA
"ANDRE ONANA",81181,1724,NA
"MATEJ KOVAR",114556,1724,NA
"SONNY ALJOFREE",165960,1724,NA
"ERIC BAILLY",78096,1724,NA
"RHYS BENNETT",144406,1724,NA
"WILLIAM FISH",125652,1724,NA
"TYLER FREDRICSON",165961,1724,NA
"WILLY KAMBWALA",144408,1724,NA
"TEDEN MENGI",125648,1724,NA
"LOGAN PYE",134267,1724,NA
"VICTOR LINDELOF",75984,1724,NA
"PHIL JONES",52124,1724,NA
"HARRY MAGUIRE",58712,1724,NA
"LISANDRO MARTINEZ",119327,1724,NA
"TYRELL MALACIA",104402,1724,NA
"RAPHAEL VARANE",57416,1724,NA
"LUKE SHAW",62471,1724,NA
"JONNY EVANS",44583,1724,NA
"AARON WAN-BISSAKA",99993,1724,NA
"BRANDON WILLIAMS",123378,1724,NA
"MARC JURADO",144409,1724,NA
"ALVARO FERNANDEZ",136380,1724,NA
"TOBY COLLYER",135067,1724,NA
"OMARI FORSON",144397,1724,NA
"DANIEL GORE",165940,1724,NA
"ISAK HANSEN-AAROEN",134268,1724,NA
"KOBBIE MAINOO",145084,1724,NA
"HANNIBAL MEJBRI",127038,1724,NA
"MAXIMILLIAN OYEDELE",166511,1724,NA
"MASON MOUNT",96788,1724,NA
"BRUNO FERNANDES",72111,1724,NA
"CHRISTIAN ERIKSEN",54791,1724,NA
"FRED",72533,1724,NA
"CASEMIRO",65160,1724,NA
"DIOGO DALOT",106203,1724,NA
"FACUNDO PELLISTRI",134677,1724,NA
"DONNY VAN DE BEEK",81849,1724,NA
"SCOTT MCTOMINAY",102658,1724,NA
"ALEJANDRO GARNACHO",144404,1724,NA
"ANTHONY ELANGA",125650,1724,NA
"NOAM EMERAN",134270,1724,NA
"JOE HUGILL",134271,1724,NA
"CHARLIE MCNEILL",144388,1724,NA
"MATEO MEJIA",144400,1724,NA
"SHOLA SHORETIRE",136378,1724,NA
"ANTHONY MARTIAL",68556,1724,NA
"MARCUS RASHFORD",89213,1724,NA
"MASON GREENWOOD",113509,1724,NA
"AMAD DIALLO",126206,1724,NA
"ANTONY",130502,1724,NA
"JADON SANCHO",105272,1724,NA
"NATHAN HARNESS",126932,2812,NA
"CRAIG MACGILLIVRAY",68081,2812,NA
"RONNIE SANDFORD",145937,2812,NA
"SEBASTIAN STACEY",166494,2812,NA
"CAMERON NORMAN",88887,2812,NA
"DEAN LEWINGTON",34865,2812,NA
"JACK TUCKER",108267,2812,NA
"WARREN O'HORA",101435,2812,NA
"DANIEL HARVIE",80674,2812,NA
"BROOKLYN ILUNGA",139229,2812,NA
"ZAK JULES",88988,2812,NA
"ALEX GILBEY",66101,2812,NA
"MJ WILLIAMS",78123,2812,NA
"MATT SMITH",107014,2812,NA
"ETHAN ROBSON",95760,2812,NA
"NATHAN HOLLAND",97119,2812,NA
"CONOR GRANT",124927,2812,NA
"DARRAGH BURNS",129458,2812,NA
"DAWSON DEVOY",123291,2812,NA
"CALLUM TRIPP",145936,2812,NA
"MO EISA",68830,2812,NA
"JONATHAN LEKO",88147,2812,NA
"MAX DEAN",133508,2812,NA
"MATTHEW DENNIS",133520,2812,NA
"DAN KEMP",96154,2812,NA
"JOE DAY",49909,1824,NA
"NICK TOWNSEND",68932,1824,NA
"EVAN OVENDALE",136062,1824,NA
"MATTY BONDSWELL",144510,1824,NA
"KYLE JAMESON",108098,1824,NA
"JOSH SEBERRY",180765,1824,NA
"LEWYS TWAMLEY",133568,1824,NA
"DECLAN DRYSDALE",102629,1824,NA
"JAMES CLARKE",48162,1824,NA
"SCOTT BENNETT",50626,1824,NA
"HARRISON BRIGHT",134576,1824,NA
"EVAN CADWALLADER",174934,1824,NA
"SHANE MCLOUGHLIN",89817,1824,NA
"BYRN MORRIS",68839,1824,NA
"CALLUM RYAN-PHILLIP",134574,1824,NA
"NATHAN WOOD",124347,1824,NA
"SAM BOWEN",128575,1824,NA
"COURTNEY SENIOR",80600,1824,NA
"JAMES WAITE",118640,1824,NA
"HARRY CHARSLEY",99414,1824,NA
"AARON WILDIG",51976,1824,NA
"HARRISON PAIGE",176842,1824,NA
"SONNY LEWIS",133564,1824,NA
"JONAH WILLIAMS",144506,1824,NA
"RYAN HILLIER",125138,1824,NA
"SEB PALMER-HOULDEN",165629,1824,NA
"OMAR BOGLE",79428,1824,NA
"OFFRANDE ZANZALA",89861,1824,NA
"WILL EVANS",96472,1824,NA
"KIBAN RAI",175245,1824,NA
"TOM STOKES",144503,1824,NA
"MATTY BONDSWELL",144510,1824,NA
"SEB PALMER-HOULDEN",165629,1824,NA
"ETHAN HORVATH",71453,1845,NA
"WAYNE HENNESSEY",44062,1845,NA
"GEORGE SHELVEY",128595,1845,NA
"AARON DONNELLY",166392,1845,NA
"MOHAMED DRAGER",105744,1845,NA
"OLA AINA",83098,1845,NA
"GIULIAN BIANCONE",117505,1845,NA
"STEVE COOK",49993,1845,NA
"OMAR RICHARDS",97377,1845,NA
"JOE WORRALL",89685,1845,NA
"LOIC MBE SOH",113589,1845,NA
"NECO WILLIAMS",123801,1845,NA
"HARRY TOFFOLO",77609,1845,NA
"MOUSSA NIAKHATE",95014,1845,NA
"SERGE AURIER",53968,1845,NA
"JONATHAN PANZO",109234,1845,NA
"SCOTT MCKENNA",76375,1845,NA
"WILLY BOLY",58372,1845,NA
"FELIPE",90703,1845,NA
"ZACH ABBOTT",166395,1845,NA
"BRANDON AGUILERA",158941,1845,NA
"JOSH BOWLER",102690,1845,NA
"BILLY FEWSTER",166390,1845,NA
"ATEEF KONATE",123610,1845,NA
"JONJO SHELVEY",49014,1845,NA
"CHEIKHOU KOUYATE",57209,1845,NA
"RYAN YATES",95788,1845,NA
"REMO FREULER",57296,1845,NA
"OREL MANGALA",103696,1845,NA
"DANILO",137751,1845,NA
"GUSTAVO SCARPA",100806,1845,NA
"TYRESE FORNAH",128593,1845,NA
"OLIVER HAMMOND",143841,1845,NA
"ALEXANDER GIBSON-HAMMOND",166387,1845,NA
"ANTHONY ELANGA",125650,1845,NA
"HWANG UI-JO",95634,1845,NA
"MORGAN GIBBS-WHITE",96377,1845,NA
"TAIWO AWONIYI",88816,1845,NA
"ALEX MIGHTEN",124217,1845,NA
"BRENNAN JOHNSON",123261,1845,NA
"EMMANUEL DENNIS",93443,1845,NA
"CHRIS WOOD",51339,1845,NA
"DETLEF ESAPA OSONG",172183,1845,NA
"FINLEY BACK",143840,1845,NA
"DALE TAYLOR",146018,1845,NA
"SAM SLOCOMBE",49709,1871,NA
"AIDAN STONE",121062,1871,NA
"RICHARD BRINDLEY",68123,1871,NA
"KYLE CAMERON",89796,1871,NA
"CONNELL RAWLINSON",50962,1871,NA
"ADEN BALDWIN",78008,1871,NA
"TOBI ADEBAYO-ROWLING",81936,1871,NA
"ADAM CHICKSEN",48433,1871,NA
"GERALDO BAJRAMI",123398,1871,NA
"LUCIEN MAHOVO",176000,1871,NA
"JAMES O'BRIEN",47373,1871,NA
"DAN CROWLEY",85145,1871,NA
"SAM AUSTIN",77355,1871,NA
"WILL RANDALL",75011,1871,NA
"JOHN BOSTOCK",47646,1871,NA
"MATTY PALMER",66698,1871,NA
"MACAULAY LANGSTAFF",106176,1871,NA
"JODI JONES",81020,1871,NA
"AARON NEMANE",107402,1871,NA
"DAVID MCGOLDRICK",37797,1871,NA
"CEDWYN SCOTT",110663,1871,NA
"LUTHER MUNAKANDAFA",163602,1871,NA
"JUNIOR MORIAS",65270,1871,NA
"TIERNAN BROOKS",134464,1871,NA
"TOM KING",77904,4880,NA
"ALEX CAIRNS",60919,4880,NA
"GIOSUE BELLAGAMBI",137869,4880,NA
"JOEL TORRANCE",125428,4880,NA
"LUKE GARBUTT",53091,4880,NA
"ASHLEY EASTHAM",51631,4880,NA
"ADRIAN MARIAPPA",41227,4880,NA
"CURTIS TILT",79206,4880,NA
"JAMES JOSEPH MELHADO",143862,4880,NA
"RICHARD NARTEY",101515,4880,NA
"RYAN LEAK",96373,4880,NA
"LIAM SHEPHARD",78221,4880,NA
"JOSH O'BRIEN",165180,4880,NA
"THEO VASSELL",88884,4880,NA
"OSSAMA ASHLEY",109594,4880,NA
"HAYDEN CAMPBELL",134273,4880,NA
"ELLIOT WATT",100996,4880,NA
"RYAN WATSON",67179,4880,NA
"MATTHEW LUND",52136,4880,NA
"ELLIOT SIMOES",111616,4880,NA
"STEPHEN MALLAN",78526,4880,NA
"LUKE BOLTON",113506,4880,NA
"ADAM PORTER",130491,4880,NA
"ADAM PORTER",165857,4880,NA
"MATTHEW SARGENT",117796,4880,NA
"KELLY N'MAI",143863,4880,NA
"LIAM LOUGHLIN",133621,4880,NA
"MARCUS DACKERS",140207,4880,NA
"BEN RYDEL",143725,4880,NA
"LIAM HUMBLES",166553,4880,NA
"ALFIE HENDERSON",166504,4880,NA
"CALLUM HENDRY",106890,4880,NA
"MATT SMITH",59625,4880,NA
"CONOR MCALENY",53086,4880,NA
"CALLUM MORTON",108105,4880,NA
"MARCUS DEWHURST",117955,2328,NA
"ADAM DAVIES",67979,2328,NA
"WESLEY FODERINGHAM",56102,2328,NA
"JORDAN AMISSAH",144195,2328,NA
"NICKSEON GOMIS",145747,2328,NA
"YASSER LAROUCI",121907,2328,NA
"GEORGE BALDOCK",54243,2328,NA
"CHRIS BASHAM",45672,2328,NA
"JOHN EGAN",62920,2328,NA
"MAX LOWE",72725,2328,NA
"ANEL AHMEDHODZIC",96807,2328,NA
"JACK ROBINSON",54554,2328,NA
"JAYDEN BOGLE",96022,2328,NA
"RHYS NORRINGTON-DAVIES",110103,2328,NA
"JILI BUYABU",168053,2328,NA
"SAI SACHDEV",167584,2328,NA
"FEMI SERIKI",117664,2328,NA
"ANIS BEN SLIMANE",129306,2328,NA
"ANDREW BROOKS",165774,2328,NA
"FRANKIE MAGUIRE",137886,2328,NA
"HARRISON NEAL",144194,2328,NA
"JOHN FLECK",47136,2328,NA
"SANDER BERGE",81951,2328,NA
"OLIVER NORWOOD",56994,2328,NA
"ISMAILA COULIBALY",118584,2328,NA
"BEN OSBORN",73957,2328,NA
"ILIMAN NDIAYE",109332,2328,NA
"ANDRE BROOKS",166804,2328,NA
"JOSEPH STARBUCK",124902,2328,NA
"ANTWOINE HACKFORD",133197,2328,NA
"BENIE TRAORE",137426,2328,NA
"RHIAN BREWSTER",102580,2328,NA
"OLI MCBURNIE",73579,2328,NA
"WILLIAM OSULA",139385,2328,NA
"DANIEL JEBBISON",137139,2328,NA
"LOUIE MARSH",172180,2328,NA
"YASSER LAROUCI",121907,2328,NA
"HARRY BOYES",135761,2328,NA
"OLIVER ARBLASTER",145752,2328,NA
"CAMERON DAWSON",72471,2330,NA
"LUKE JACKSON",136827,2330,NA
"PIERCE CHARLES",167887,2330,NA
"JUAN DELGADO",77894,2330,NA
"LIAM PALMER",53112,2330,NA
"DOMINIC IORFA",74586,2330,NA
"AKIN FAMEWO",94745,2330,NA
"MICHAEL IHIEKWE",71423,2330,NA
"REECE JAMES",70735,2330,NA
"CIARAN BRENNAN",130246,2330,NA
"WILL VAULKS",65293,2330,NA
"BARRY BANNAN",50775,2330,NA
"JOSH WINDASS",70939,2330,NA
"GEORGE BYERS",76796,2330,NA
"MARVIN JOHNSON",64127,2330,NA
"TYREEQ BAKINSON",91438,2330,NA
"RIO SHIPSTON",167886,2330,NA
"JAY GLOVER",166393,2330,NA
"BAILEY-TYE CADAMARTERI",167891,2330,NA
"SEAN FUSIRE",167890,2330,NA
"LUKE COOK",165991,2330,NA
"ADAM ALIMI-ADETORO",167888,2330,NA
"WILL TRUEMAN",167884,2330,NA
"BOBBY DUNN",167889,2330,NA
"PAULO AGUAS",167885,2330,NA
"MALLIK WILKS",99990,2330,NA
"LEE GREGORY",56566,2330,NA
"LEOJO DAVIDSON",166490,2330,NA
"CALLUM PATERSON",65785,2330,NA
"MICHAEL SMITH",50130,2330,NA
"ASHLEY FLETCHER",89684,2330,NA
"SCOTT KASHKET",76992,2410,NA
"PATRICK OMARI",89447,2410,NA
"DANIEL BACHMANN",74189,2741,NA
"BEN HAMER",44415,2741,NA
"MADUKA OKOYE",125282,2741,NA
"VINCENT ANGELINI",148765,2741,NA
"MYLES ROBERTS",117675,2741,NA
"DANNY ROSE",44473,2741,NA
"JEREMY NGAKIA",117105,2741,NA
"MARIO GASPAR",56243,2741,NA
"JOAO FERREIRA",122127,2741,NA
"CRAIG CATHCART",46376,2741,NA
"RYAN PORTEOUS",92356,2741,NA
"KORTNEY HAUSE",65271,2741,NA
"FRANCISCO SIERRALTA",106984,2741,NA
"MATTHEW POLLOCK",116584,2741,NA
"JAMES MORRIS",126312,2741,NA
"WESLEY HOEDT",71120,2741,NA
"HARRY AMASS",172172,2741,NA
"RYAN ANDREWS",172175,2741,NA
"TOM INCE",55425,2741,NA
"JAKE LIVERMORE",48833,2741,NA
"IGNACIO PUSSETTO",113886,2741,NA
"IMRAN LOUZA",117522,2741,NA
"TOM CLEVERLEY",49989,2741,NA
"ISMAEL KONE",144146,2741,NA
"KEN SEMA",89847,2741,NA
"DAN GOSLING",45693,2741,NA
"YASER ASPRILLA",150061,2741,NA
"TOM DELE-BASHIRU",107011,2741,NA
"KWADWO BAAH",125561,2741,NA
"EDO KAYEMBE",109731,2741,NA
"SHAQAI FORDE",149123,2741,NA
"MAX DELYFER",166398,2741,NA
"RHYS HEALEY",72640,2741,NA
"MATHEUS MARTINS",146420,2741,NA
"REY MANAJ",87646,2741,NA
"VAKOUN ISSOUF BAYO",118213,2741,NA
"SAMUEL KALU",100813,2741,NA
"DAPO MEBUDE",114965,2741,NA
"MICHAEL ADU-POKU",172171,2741,NA
"JACK GRIEVES",160709,2741,NA
"TOBI ADEMEYO",172176,2741,NA
"TOBY ADEYEMO",172174,2741,NA
"DAMANI HUNTER",172173,2741,NA
" MATHEUS MARTINS",146420,2741,NA
"TED CANN",128927,2744,NA
"DAVID BUTTON",48440,2744,NA
"ALEX PALMER",82905,2744,NA
"SAUL SHOTTON",108094,2744,NA
"CALEB TAYLOR",134566,2744,NA
"DARNELL FURLONG",80303,2744,NA
"CONOR TOWNSEND",62924,2744,NA
"KYLE BARTLEY",52374,2744,NA
"SEMI AJAYI",68485,2744,NA
"ERIK PIETERS",50048,2744,NA
"CEDRIC KIPRE",88113,2744,NA
"TAYLOR GARDNER-HICKMAN",117114,2744,NA
"ETHAN INGRAM",143671,2744,NA
"TOBY KING",133532,2744,NA
"MATT PHILLIPS",49017,2744,NA
"GRADY DIANGANA",95764,2744,NA
"JAYSON MOLUMBY",95974,2744,NA
"JED WALLACE",64940,2744,NA
"JOHN SWIFT",76002,2744,NA
"ADAM REACH",59372,2744,NA
"NATHANIEL CHALOBAH",57093,2744,NA
"ALEX MOWATT",71437,2744,NA
"OKAY YOKUSLU",66320,2744,NA
"RICO RICHARDS",128588,2744,NA
"JAMIE ANDREWS",159888,2744,NA
"TOM FELLOWS",134563,2744,NA
"DARYL DIKE",128913,2744,NA
"JEREMY SARMIENTO",144994,2744,NA
"BRANDON THOMAS-ASANTE",93901,2744,NA
"JAMIE SOULE",99426,2744,NA
"MO FAAL",133548,2744,NA
"JOVAN MALCOLM",134564,2744,NA
"REYES CLEARY",148771,2744,NA
"JEREMY SARMIENTO",144994,2744,NA
"KARLAN GRANT",78150,2744,NA
"ALEX BASS",77168,4194,NA
"NIKOLA TZANEV",102652,4194,NA
"NATHAN BROOME",154977,4194,NA
"WILL JAASKELAINEN",94188,4194,NA
"RYAN JOHNSON",73680,4194,NA
"JOE LEWIS",115461,4194,NA
"LEE BROWN",52520,4194,NA
"ALEX PEARCE",46001,4194,NA
"AARON PIERRE",68246,4194,NA
"HUSEYIN BILER",127695,4194,NA
"JACK CURRIE",137173,4194,NA
"PAUL KALAMBAYI",90431,4194,NA
"DARIUS CHARLES",39718,4194,NA
"ISAAC OGUNDERE",143900,4194,NA
"ETHAN SUTCLIFFE",165848,4194,NA
"ETHAN SUTCLIFFE",137706,4194,NA
"REMI ONABANJO",166528,4194,NA
"JOLA LAHAN",169597,4194,NA
"JIMMY BALL",94572,4194,NA
"JAKE REEVES",60997,4194,NA
"ALEX WOODYARD",54534,4194,NA
"ARMANI LITTLE",107795,4194,NA
"ALFIE BENDLE",143907,4194,NA
"QUAINE BARTLEY",144833,4194,NA
"HARRY GRIFFITHS",166642,4194,NA
"JOSH HALLARD",145670,4194,NA
"MARCEL CAMPBELL",145661,4194,NA
"MORGAN WILLIAMS",145669,4194,NA
"ARON SASU",145660,4194,NA
"OMAR BUGIEL",101305,4194,NA
"RYAN MCLEAN",138025,4194,NA
"JOSH NEUFVILLE",108271,4194,NA
"JAMES TILLEY",82566,4194,NA
"JOSH DAVISON",126162,4194,NA
"ALI IBRAHIM AL-HAMADI",146038,4194,NA
"OBED YEBOAH",175999,4194,NA
"ALEX BASS",77168,4194,NA
"JOE LEWIS",115461,4194,NA
"ARMANI LITTLE",107795,4194,NA
"WILL NIGHTINGALE",74312,4194,NA
"ZACH ROBINSON",126367,4194,NA
